{
  "project_name": "Synova AI - Quantum-Neural Hybrid Intelligence System",
  "version": "1.0.0",
  "created": "2025-09-27T23:48:15.188650",
  "description": "Revolutionary AI ecosystem combining quantum computing, neuro-symbolic reasoning, and self-evolving capabilities",
  "core_modules": {
    "quantum_echo_prediction": {
      "description": "Quantum-inspired predictive algorithms using superposition and entanglement principles",
      "files": [
        "quantum_processor.py",
        "quantum_ml_algorithms.py",
        "qaoa_optimizer.py",
        "quantum_feature_mapping.py",
        "hybrid_classical_quantum.py"
      ],
      "features": [
        "Quantum Approximate Optimization Algorithm (QAOA)",
        "Quantum Support Vector Machines",
        "Variational Quantum Circuits",
        "Quantum-enhanced gradient descent",
        "Hybrid quantum-classical processing"
      ]
    },
    "neuro_symbiotic_fusion": {
      "description": "Advanced neuro-symbolic AI combining neural networks with symbolic reasoning",
      "files": [
        "neural_symbolic_bridge.py",
        "knowledge_graph_engine.py",
        "symbolic_reasoner.py",
        "abstraction_layer.py",
        "explainable_ai_module.py"
      ],
      "features": [
        "Dynamic knowledge graph integration",
        "Real-time symbolic reasoning",
        "Explainable decision making",
        "Abstract concept formation",
        "Multi-modal reasoning chains"
      ]
    },
    "temporal_weave_engine": {
      "description": "Time-series analysis and temporal reasoning with context awareness",
      "files": [
        "temporal_processor.py",
        "context_engine.py",
        "time_series_analyzer.py",
        "causal_inference.py",
        "predictive_modeling.py"
      ],
      "features": [
        "Temporal pattern recognition",
        "Context-aware predictions",
        "Causal relationship mapping",
        "Multi-scale time analysis",
        "Adaptive temporal windows"
      ]
    },
    "ethical_singularity_guardian": {
      "description": "Comprehensive ethics and safety framework for AI governance",
      "files": [
        "ethics_engine.py",
        "bias_detection.py",
        "safety_monitor.py",
        "governance_framework.py",
        "human_alignment.py"
      ],
      "features": [
        "Real-time bias detection",
        "Ethical decision validation",
        "Safety constraint enforcement",
        "Value alignment verification",
        "Human oversight integration"
      ]
    },
    "self_evolution_core": {
      "description": "Self-improving AI system with autonomous learning capabilities",
      "files": [
        "evolution_engine.py",
        "self_reflection.py",
        "capability_assessment.py",
        "knowledge_synthesis.py",
        "meta_learning.py"
      ],
      "features": [
        "Autonomous model updating",
        "Self-reflection mechanisms",
        "Performance optimization",
        "Knowledge integration",
        "Meta-learning algorithms"
      ]
    },
    "mind_resonance_interface": {
      "description": "Brain-computer interface for thought-based interaction",
      "files": [
        "bci_processor.py",
        "neural_decoder.py",
        "thought_classifier.py",
        "mind_pattern_analysis.py",
        "cognitive_modeling.py"
      ],
      "features": [
        "Non-invasive EEG processing",
        "Thought pattern recognition",
        "Intent classification",
        "Cognitive state monitoring",
        "Adaptive neural interfaces"
      ]
    },
    "behavioral_prediction_matrix": {
      "description": "Advanced human behavior prediction and analysis",
      "files": [
        "behavior_analyzer.py",
        "prediction_models.py",
        "pattern_recognition.py",
        "social_dynamics.py",
        "personalization_engine.py"
      ],
      "features": [
        "Multi-modal behavior analysis",
        "Predictive modeling",
        "Social interaction mapping",
        "Personalized recommendations",
        "Real-time adaptation"
      ]
    }
  },
  "platform_support": {
    "frameworks": [
      "React Native (iOS/Android)",
      "Flutter (Cross-platform)",
      "Electron (Desktop)",
      "Progressive Web App",
      "Unity (AR/VR)"
    ],
    "cloud_infrastructure": [
      "Kubernetes orchestration",
      "Docker containerization",
      "AWS/Azure/GCP deployment",
      "Edge computing nodes",
      "Quantum cloud services"
    ],
    "development_tools": [
      "PyTorch/TensorFlow",
      "Qiskit quantum computing",
      "Neo4j knowledge graphs",
      "Apache Kafka streaming",
      "Redis caching"
    ]
  },
  "tiers": {
    "terrestrial": {
      "price": "Free",
      "features": [
        "Basic AI conversation",
        "Simple predictions",
        "Limited quantum simulation",
        "Community support",
        "Basic personalization"
      ],
      "limitations": {
        "queries_per_day": 100,
        "quantum_operations": 10,
        "context_memory": "1 hour"
      }
    },
    "aerial": {
      "price": "$29.99/month",
      "features": [
        "Advanced AI reasoning",
        "Quantum-enhanced predictions",
        "Extended memory context",
        "Professional integrations",
        "Priority processing"
      ],
      "limitations": {
        "queries_per_day": 1000,
        "quantum_operations": 100,
        "context_memory": "1 week"
      }
    },
    "celestial": {
      "price": "$149.99/month",
      "features": [
        "Full system access",
        "Unlimited quantum operations",
        "Persistent memory",
        "Custom model training",
        "Enterprise support",
        "BCI integration",
        "Self-evolution enabled"
      ],
      "limitations": {
        "queries_per_day": "Unlimited",
        "quantum_operations": "Unlimited",
        "context_memory": "Persistent"
      }
    }
  }
}